Date,Stock Price
2021-01-04 00:00:00-05:00,215.92057705699278
2021-01-05 00:00:00-05:00,210.8070795241257
2021-01-06 00:00:00-05:00,205.86825141081755
2021-01-07 00:00:00-05:00,207.6827486543537
2021-01-08 00:00:00-05:00,212.1849017630111
2021-01-11 00:00:00-05:00,211.9811313801714
2021-01-12 00:00:00-05:00,210.06965588103412
2021-01-13 00:00:00-05:00,207.66332820729298
2021-01-14 00:00:00-05:00,209.49718620301823
2021-01-15 00:00:00-05:00,207.17820015983725
2021-01-19 00:00:00-05:00,207.40132326143288
2021-01-20 00:00:00-05:00,211.23400610111082
2021-01-21 00:00:00-05:00,218.02610115948232
2021-01-22 00:00:00-05:00,220.33541006222956
2021-01-25 00:00:00-05:00,222.31480525562066
2021-01-26 00:00:00-05:00,224.97343235381967
2021-01-27 00:00:00-05:00,230.93110404319265
2021-01-28 00:00:00-05:00,228.61208153143878
2021-01-29 00:00:00-05:00,228.9807671800907
2021-02-01 00:00:00-05:00,228.07842152963718
2021-02-02 00:00:00-05:00,234.1330371093707
2021-02-03 00:00:00-05:00,232.45444512987362
2021-02-04 00:00:00-05:00,235.45267872661927
2021-02-05 00:00:00-05:00,235.03545543348176
2021-02-08 00:00:00-05:00,235.92810651012772
2021-02-09 00:00:00-05:00,234.68614766194057
2021-02-10 00:00:00-05:00,237.72316936639518
2021-02-11 00:00:00-05:00,237.50971262573387
2021-02-12 00:00:00-05:00,236.68494145820395
2021-02-16 00:00:00-05:00,237.7522757074163
2021-02-17 00:00:00-05:00,234.6917743364084
2021-02-18 00:00:00-05:00,235.15860095688595
2021-02-19 00:00:00-05:00,237.0550211148408
2021-02-22 00:00:00-05:00,230.89887763029614
2021-02-23 00:00:00-05:00,224.0036337728172
2021-02-24 00:00:00-05:00,223.69244673890358
2021-02-25 00:00:00-05:00,225.70551784986728
2021-02-26 00:00:00-05:00,225.17065513379083
2021-03-01 00:00:00-05:00,229.42065520103301
2021-03-02 00:00:00-05:00,230.50016581295816
2021-03-03 00:00:00-05:00,225.78338297699096
2021-03-04 00:00:00-05:00,220.5122372731919
2021-03-05 00:00:00-05:00,223.21588290387473
2021-03-08 00:00:00-05:00,225.01505760404592
2021-03-09 00:00:00-05:00,226.48356688032294
2021-03-10 00:00:00-05:00,230.49039826148805
2021-03-11 00:00:00-05:00,228.5064560918695
2021-03-12 00:00:00-05:00,227.5825362923641
2021-03-15 00:00:00-04:00,228.5064082936844
2021-03-16 00:00:00-04:00,229.79020813572632
2021-03-17 00:00:00-04:00,229.66378839863773
2021-03-18 00:00:00-04:00,226.17236192183069
2021-03-19 00:00:00-04:00,224.6746821797661
2021-03-22 00:00:00-04:00,223.9452711916724
2021-03-23 00:00:00-04:00,230.96696469043894
2021-03-24 00:00:00-04:00,231.31707579677132
2021-03-25 00:00:00-04:00,228.83712536150037
2021-03-26 00:00:00-04:00,225.19012781216603
2021-03-29 00:00:00-04:00,230.09170469892007
2021-03-30 00:00:00-04:00,227.11569079313273
2021-03-31 00:00:00-04:00,226.51277365784452
2021-04-01 00:00:00-04:00,231.92001697924945
2021-04-05 00:00:00-04:00,236.092213848096
2021-04-06 00:00:00-04:00,240.80903640877122
2021-04-07 00:00:00-04:00,241.00351095367517
2021-04-08 00:00:00-04:00,245.82728599630266
2021-04-09 00:00:00-04:00,245.92451738074996
2021-04-12 00:00:00-04:00,247.7139597292019
2021-04-13 00:00:00-04:00,250.1939093179422
2021-04-14 00:00:00-04:00,250.40792670970936
2021-04-15 00:00:00-04:00,250.84553667961444
2021-04-16 00:00:00-04:00,252.3432319412258
2021-04-19 00:00:00-04:00,253.04342480869713
2021-04-20 00:00:00-04:00,250.73857157154734
2021-04-21 00:00:00-04:00,251.82780538031554
2021-04-22 00:00:00-04:00,253.06292568948106
2021-04-23 00:00:00-04:00,250.7968777573568
2021-04-26 00:00:00-04:00,254.4730829702374
2021-04-27 00:00:00-04:00,254.3952948643376
2021-04-28 00:00:00-04:00,249.04634005928918
2021-04-29 00:00:00-04:00,248.4433872380985
2021-04-30 00:00:00-04:00,242.88050984440926
2021-05-03 00:00:00-04:00,246.43995563664888
2021-05-04 00:00:00-04:00,244.07671862122987
2021-05-05 00:00:00-04:00,242.21916000375614
2021-05-06 00:00:00-04:00,239.68086479971169
2021-05-07 00:00:00-04:00,245.22427429577638
2021-05-10 00:00:00-04:00,243.979443379813
2021-05-11 00:00:00-04:00,237.83305463780505
2021-05-12 00:00:00-04:00,235.51843044122927
2021-05-13 00:00:00-04:00,235.15860058582516
2021-05-14 00:00:00-04:00,238.83473405188076
2021-05-17 00:00:00-04:00,239.77813598303317
2021-05-18 00:00:00-04:00,239.5058111292966
2021-05-19 00:00:00-04:00,233.27439041612666
2021-05-20 00:00:00-04:00,237.80710206481822
2021-05-21 00:00:00-04:00,241.32606626296226
2021-05-24 00:00:00-04:00,241.54049861703209
2021-05-25 00:00:00-04:00,245.42014085610413
2021-05-26 00:00:00-04:00,245.08870229789161
2021-05-27 00:00:00-04:00,244.83524533884054
2021-05-28 00:00:00-04:00,244.66952791378222
2021-06-01 00:00:00-04:00,244.89374503087745
2021-06-02 00:00:00-04:00,241.87194993131212
2021-06-03 00:00:00-04:00,239.0353228754981
2021-06-04 00:00:00-04:00,241.51124919483019
2021-06-07 00:00:00-04:00,243.6753005397456
2021-06-08 00:00:00-04:00,248.72462533520692
2021-06-09 00:00:00-04:00,247.4086969905497
2021-06-10 00:00:00-04:00,247.87661662255593
2021-06-11 00:00:00-04:00,251.48324207228742
2021-06-14 00:00:00-04:00,251.39552700479993
2021-06-15 00:00:00-04:00,253.21832928430874
2021-06-16 00:00:00-04:00,252.857684366135
2021-06-17 00:00:00-04:00,249.61168489281184
2021-06-18 00:00:00-04:00,253.08191536090825
2021-06-21 00:00:00-04:00,253.2670988467735
2021-06-22 00:00:00-04:00,256.09395671661906
2021-06-23 00:00:00-04:00,259.2814930472346
2021-06-24 00:00:00-04:00,259.4472354014962
2021-06-25 00:00:00-04:00,259.5154109320605
2021-06-28 00:00:00-04:00,259.47643715174536
2021-06-29 00:00:00-04:00,262.08886366673
2021-06-30 00:00:00-04:00,263.8629621850601
2021-07-01 00:00:00-04:00,262.8101391381318
2021-07-02 00:00:00-04:00,265.93917016095907
2021-07-06 00:00:00-04:00,271.01782903075133
2021-07-07 00:00:00-04:00,272.3533022963912
2021-07-08 00:00:00-04:00,269.91634408797034
2021-07-09 00:00:00-04:00,268.76604333214993
2021-07-12 00:00:00-04:00,272.11936530648126
2021-07-13 00:00:00-04:00,270.52064548925983
2021-07-14 00:00:00-04:00,275.2288584493607
2021-07-15 00:00:00-04:00,274.8877367289582
2021-07-16 00:00:00-04:00,274.9559354641121
2021-07-19 00:00:00-04:00,271.89508799589305
2021-07-20 00:00:00-04:00,271.0178257328543
2021-07-21 00:00:00-04:00,271.86590848515885
2021-07-22 00:00:00-04:00,276.68132979259474
2021-07-23 00:00:00-04:00,280.12227844538654
2021-07-26 00:00:00-04:00,281.7111606393435
2021-07-27 00:00:00-04:00,282.1302979361635
2021-07-28 00:00:00-04:00,281.70144001231495
2021-07-29 00:00:00-04:00,279.02074836475373
2021-07-30 00:00:00-04:00,277.97781736376595
2021-08-02 00:00:00-04:00,279.1377657917286
2021-08-03 00:00:00-04:00,278.221524608422
2021-08-04 00:00:00-04:00,279.0012413127913
2021-08-05 00:00:00-04:00,279.6446466150213
2021-08-06 00:00:00-04:00,281.2335540329166
2021-08-09 00:00:00-04:00,282.44224384279545
2021-08-10 00:00:00-04:00,281.51619316481566
2021-08-11 00:00:00-04:00,279.9663129769086
2021-08-12 00:00:00-04:00,279.4008816159003
2021-08-13 00:00:00-04:00,282.17901949290564
2021-08-16 00:00:00-04:00,285.79544943592634
2021-08-17 00:00:00-04:00,285.01566224182085
2021-08-18 00:00:00-04:00,285.21949693110366
2021-08-19 00:00:00-04:00,281.9477090474868
2021-08-20 00:00:00-04:00,292.7201510086835
2021-08-23 00:00:00-04:00,296.1676453611928
2021-08-24 00:00:00-04:00,297.89631070299015
2021-08-25 00:00:00-04:00,297.1931613806315
2021-08-26 00:00:00-04:00,293.96044791798107
2021-08-27 00:00:00-04:00,292.00716150984834
2021-08-30 00:00:00-04:00,294.08741040267984
2021-08-31 00:00:00-04:00,297.31039952319804
2021-09-01 00:00:00-04:00,295.79651153674035
2021-09-02 00:00:00-04:00,295.14219457281416
2021-09-03 00:00:00-04:00,293.9604129779639
2021-09-07 00:00:00-04:00,293.9800354324573
2021-09-08 00:00:00-04:00,292.77871911883506
2021-09-09 00:00:00-04:00,293.79443098539514
2021-09-10 00:00:00-04:00,291.4504405883112
2021-09-13 00:00:00-04:00,290.6007824815033
2021-09-14 00:00:00-04:00,292.5637825444147
2021-09-15 00:00:00-04:00,296.1774550455247
2021-09-16 00:00:00-04:00,296.66575066366147
2021-09-17 00:00:00-04:00,297.0661382324372
2021-09-20 00:00:00-04:00,289.40925479475106
2021-09-21 00:00:00-04:00,288.7842065163519
2021-09-22 00:00:00-04:00,289.7999198086573
2021-09-23 00:00:00-04:00,291.87046345060276
2021-09-24 00:00:00-04:00,291.26486591881695
2021-09-27 00:00:00-04:00,289.2237359692624
2021-09-28 00:00:00-04:00,283.0317681887415
2021-09-29 00:00:00-04:00,278.4415336257982
2021-09-30 00:00:00-04:00,279.03734096625874
2021-10-01 00:00:00-04:00,275.53112025311555
2021-10-04 00:00:00-04:00,280.68783273339426
2021-10-05 00:00:00-04:00,277.4160623261554
2021-10-06 00:00:00-04:00,279.10566900346595
2021-10-07 00:00:00-04:00,288.2860859127702
2021-10-08 00:00:00-04:00,289.30180513551807
2021-10-11 00:00:00-04:00,286.07896491424384
2021-10-12 00:00:00-04:00,288.44239484577383
2021-10-13 00:00:00-04:00,288.022442656261
2021-10-14 00:00:00-04:00,292.22201924858126
2021-10-15 00:00:00-04:00,295.2789332046497
2021-10-18 00:00:00-04:00,296.4801904324227
2021-10-19 00:00:00-04:00,301.14859525941233
2021-10-20 00:00:00-04:00,301.9884486749518
2021-10-21 00:00:00-04:00,299.99613593137406
2021-10-22 00:00:00-04:00,303.1506361114548
2021-10-25 00:00:00-04:00,302.1349704433023
2021-10-26 00:00:00-04:00,303.7366295783258
2021-10-27 00:00:00-04:00,308.61987745564414
2021-10-28 00:00:00-04:00,316.75531984736375
2021-10-29 00:00:00-04:00,316.55999837298566
2021-11-01 00:00:00-04:00,323.6211880438319
2021-11-02 00:00:00-04:00,322.59573687605916
2021-11-03 00:00:00-04:00,326.1018229282495
2021-11-04 00:00:00-04:00,325.1154107336895
2021-11-05 00:00:00-04:00,330.6041572711074
2021-11-08 00:00:00-05:00,329.42238650856115
2021-11-09 00:00:00-05:00,329.2367943690435
2021-11-10 00:00:00-05:00,326.75615934676557
2021-11-11 00:00:00-05:00,323.5136731706207
2021-11-12 00:00:00-05:00,326.12139278925554
2021-11-15 00:00:00-05:00,329.6568611819296
2021-11-16 00:00:00-05:00,327.84030320909534
2021-11-17 00:00:00-05:00,331.6297060770284
2021-11-18 00:00:00-05:00,330.88616374453267
2021-11-19 00:00:00-05:00,335.2499739483623
2021-11-22 00:00:00-05:00,337.18721623333676
2021-11-23 00:00:00-05:00,329.78052514231894
2021-11-24 00:00:00-05:00,329.02709936479636
2021-11-26 00:00:00-05:00,327.13871768443016
2021-11-29 00:00:00-05:00,327.71607613643556
2021-11-30 00:00:00-05:00,328.0878330848769
2021-12-01 00:00:00-05:00,327.9019148536358
2021-12-02 00:00:00-05:00,323.176072440334
2021-12-03 00:00:00-05:00,324.82960398633594
2021-12-06 00:00:00-05:00,316.9630763888966
2021-12-07 00:00:00-05:00,324.48718605054535
2021-12-08 00:00:00-05:00,328.0780551665438
2021-12-09 00:00:00-05:00,327.1974846388192
2021-12-10 00:00:00-05:00,327.75515621123714
2021-12-13 00:00:00-05:00,333.33219518957424
2021-12-14 00:00:00-05:00,326.03311479135317
2021-12-15 00:00:00-05:00,321.5224835830687
2021-12-16 00:00:00-05:00,328.46936349856145
2021-12-17 00:00:00-05:00,313.9592490875923
2021-12-20 00:00:00-05:00,313.1471272968611
2021-12-21 00:00:00-05:00,316.3172900612025
2021-12-22 00:00:00-05:00,321.21920918393874
2021-12-23 00:00:00-05:00,325.57321423979784
2021-12-27 00:00:00-05:00,328.2247962885622
2021-12-28 00:00:00-05:00,335.74890725357193
2021-12-29 00:00:00-05:00,333.9388244240276
2021-12-30 00:00:00-05:00,334.5357224666993
2021-12-31 00:00:00-05:00,331.20902210647876
2022-01-03 00:00:00-05:00,328.11715546506855
2022-01-04 00:00:00-05:00,327.6083612473685
2022-01-05 00:00:00-05:00,318.83182070204253
2022-01-06 00:00:00-05:00,306.39602430263443
2022-01-07 00:00:00-05:00,307.3744283805925
2022-01-10 00:00:00-05:00,302.8148573040876
2022-01-11 00:00:00-05:00,306.62102625887854
2022-01-12 00:00:00-05:00,312.7753768104984
2022-01-13 00:00:00-05:00,313.55808535621185
2022-01-14 00:00:00-05:00,297.68793079514717
2022-01-18 00:00:00-05:00,297.5118230907491
2022-01-19 00:00:00-05:00,299.6839303147799
2022-01-20 00:00:00-05:00,302.4040121723071
2022-01-21 00:00:00-05:00,296.16153166033683
2022-01-24 00:00:00-05:00,285.897890386646
2022-01-25 00:00:00-05:00,285.23250070278266
2022-01-26 00:00:00-05:00,301.3472268303975
2022-01-27 00:00:00-05:00,296.1321706680879
2022-01-28 00:00:00-05:00,293.754642629739
2022-01-31 00:00:00-05:00,302.2865505304077
2022-02-01 00:00:00-05:00,303.7151150183411
2022-02-02 00:00:00-05:00,302.9519285883093
2022-02-03 00:00:00-05:00,302.814894213073
2022-02-04 00:00:00-05:00,293.73506552933964
2022-02-07 00:00:00-05:00,299.5665224039279
2022-02-08 00:00:00-05:00,294.7526641757739
2022-02-09 00:00:00-05:00,303.1866771013778
2022-02-10 00:00:00-05:00,297.4824770891408
2022-02-11 00:00:00-05:00,296.6507892331337
2022-02-14 00:00:00-05:00,287.43393862558435
2022-02-15 00:00:00-05:00,293.53940106514756
2022-02-16 00:00:00-05:00,292.5383518211705
2022-02-17 00:00:00-05:00,290.5676356080915
2022-02-18 00:00:00-05:00,287.3223545138341
2022-02-22 00:00:00-05:00,279.4297184060813
2022-02-23 00:00:00-05:00,284.50849016869194
2022-02-24 00:00:00-05:00,267.1838391180398
2022-02-25 00:00:00-05:00,289.3715440943723
2022-02-28 00:00:00-05:00,288.55768545885695
2022-03-01 00:00:00-05:00,290.6068836316477
2022-03-02 00:00:00-05:00,289.5872001156747
2022-03-03 00:00:00-05:00,296.9700961053515
2022-03-04 00:00:00-05:00,288.5381719841886
2022-03-07 00:00:00-05:00,282.89068210103216
2022-03-08 00:00:00-05:00,272.3703959714131
2022-03-09 00:00:00-05:00,277.90022715538794
2022-03-10 00:00:00-05:00,277.4883715872963
2022-03-11 00:00:00-05:00,282.33178182608566
2022-03-14 00:00:00-04:00,274.8607868350452
2022-03-15 00:00:00-04:00,274.8705763892812
2022-03-16 00:00:00-04:00,283.45933817263153
2022-03-17 00:00:00-04:00,287.55768004032205
2022-03-18 00:00:00-04:00,289.596975272534
2022-03-21 00:00:00-04:00,293.0482456524458
2022-03-22 00:00:00-04:00,293.94043902848847
2022-03-23 00:00:00-04:00,294.6365885356944
2022-03-24 00:00:00-04:00,293.29341369813756
2022-03-25 00:00:00-04:00,299.26435242377653
2022-03-28 00:00:00-04:00,298.381886781257
2022-03-29 00:00:00-04:00,307.77467860846997
2022-03-30 00:00:00-04:00,307.627564376301
2022-03-31 00:00:00-04:00,307.7647970951918
2022-04-01 00:00:00-04:00,303.3233347894576
2022-04-04 00:00:00-04:00,304.0293088013548
2022-04-05 00:00:00-04:00,307.1471354805134
2022-04-06 00:00:00-04:00,299.22506206243213
2022-04-07 00:00:00-04:00,290.8618314190175
2022-04-08 00:00:00-04:00,294.5679212288727
2022-04-11 00:00:00-04:00,286.08697073642816
2022-04-12 00:00:00-04:00,283.5868097526538
2022-04-13 00:00:00-04:00,277.20409452804194
2022-04-14 00:00:00-04:00,282.4593173112544
2022-04-18 00:00:00-04:00,273.4587435676381
2022-04-19 00:00:00-04:00,273.91950884943543
2022-04-20 00:00:00-04:00,283.7437454358303
2022-04-21 00:00:00-04:00,282.9397195937067
2022-04-22 00:00:00-04:00,276.17457811652713
2022-04-25 00:00:00-04:00,267.9485637056435
2022-04-26 00:00:00-04:00,272.0762484317419
2022-04-27 00:00:00-04:00,276.5864346916512
2022-04-28 00:00:00-04:00,279.61598484305273
2022-04-29 00:00:00-04:00,282.9691613421225
2022-05-02 00:00:00-04:00,272.28217861791126
2022-05-03 00:00:00-04:00,278.4100290353085
2022-05-04 00:00:00-04:00,277.06683018822866
2022-05-05 00:00:00-04:00,279.9591908699455
2022-05-06 00:00:00-04:00,269.4388663587358
2022-05-09 00:00:00-04:00,264.7816873837753
2022-05-10 00:00:00-04:00,266.37986521292925
2022-05-11 00:00:00-04:00,260.48727365867205
2022-05-12 00:00:00-04:00,252.6534684178314
2022-05-13 00:00:00-04:00,252.32014375860933
2022-05-16 00:00:00-04:00,254.87906800496103
2022-05-17 00:00:00-04:00,260.9089272639892
2022-05-18 00:00:00-04:00,258.460287362248
2022-05-19 00:00:00-04:00,249.51733801411478
2022-05-20 00:00:00-04:00,252.799695176546
2022-05-23 00:00:00-04:00,251.07986802416232
2022-05-24 00:00:00-04:00,253.4384466493094
2022-05-25 00:00:00-04:00,253.684155532996
2022-05-26 00:00:00-04:00,257.7428348441583
2022-05-27 00:00:00-04:00,263.84565297930027
2022-05-31 00:00:00-04:00,267.82582683846454
2022-06-01 00:00:00-04:00,270.44969418985005
2022-06-02 00:00:00-04:00,259.8852747105823
2022-06-03 00:00:00-04:00,265.64410297013194
2022-06-06 00:00:00-04:00,267.3638856139987
2022-06-07 00:00:00-04:00,262.03743093084853
2022-06-08 00:00:00-04:00,267.0199495600708
2022-06-09 00:00:00-04:00,263.15777000878154
2022-06-10 00:00:00-04:00,256.08204577972515
2022-06-13 00:00:00-04:00,240.8790735077429
2022-06-14 00:00:00-04:00,239.6506604686276
2022-06-15 00:00:00-04:00,244.0238307933665
2022-06-16 00:00:00-04:00,241.73406154444956
2022-06-17 00:00:00-04:00,240.47613768862195
2022-06-21 00:00:00-04:00,245.94018121422386
2022-06-22 00:00:00-04:00,247.54204925476336
2022-06-23 00:00:00-04:00,251.1585198618928
2022-06-24 00:00:00-04:00,257.29084709174043
2022-06-27 00:00:00-04:00,263.5803579217872
2022-06-28 00:00:00-04:00,259.423350278435
2022-06-29 00:00:00-04:00,253.1436828613174
2022-06-30 00:00:00-04:00,252.61294746804404
2022-07-01 00:00:00-04:00,251.96439526833686
2022-07-05 00:00:00-04:00,251.73837182977957
2022-07-06 00:00:00-04:00,259.1973392926355
2022-07-07 00:00:00-04:00,260.54367761125934
2022-07-08 00:00:00-04:00,260.21937036843667
2022-07-11 00:00:00-04:00,261.06452035003053
2022-07-12 00:00:00-04:00,261.290550767473
2022-07-13 00:00:00-04:00,245.87139932352437
2022-07-14 00:00:00-04:00,246.24485208128576
2022-07-15 00:00:00-04:00,251.30592712793558
2022-07-18 00:00:00-04:00,255.26639127028025
2022-07-19 00:00:00-04:00,253.13383360163962
2022-07-20 00:00:00-04:00,255.413833532686
2022-07-21 00:00:00-04:00,255.3056755961095
2022-07-22 00:00:00-04:00,260.6616456804098
2022-07-25 00:00:00-04:00,256.49481520669906
2022-07-26 00:00:00-04:00,255.3744560287126
2022-07-27 00:00:00-04:00,256.65202026648655
2022-07-28 00:00:00-04:00,265.09375093500864
2022-07-29 00:00:00-04:00,272.906569210316
2022-08-01 00:00:00-04:00,273.02445889789004
2022-08-02 00:00:00-04:00,271.23585727608025
2022-08-03 00:00:00-04:00,271.9827780633148
2022-08-04 00:00:00-04:00,276.93577249803593
2022-08-05 00:00:00-04:00,274.33144396702517
2022-08-08 00:00:00-04:00,279.14691944777803
2022-08-09 00:00:00-04:00,274.8130956938576
2022-08-10 00:00:00-04:00,283.19579954124725
2022-08-11 00:00:00-04:00,285.8295492254262
2022-08-12 00:00:00-04:00,283.50049008501867
2022-08-15 00:00:00-04:00,285.97699186548016
2022-08-16 00:00:00-04:00,286.94983667028714
2022-08-17 00:00:00-04:00,285.34309954461173
2022-08-18 00:00:00-04:00,285.78625671756635
2022-08-19 00:00:00-04:00,284.5158546408191
2022-08-22 00:00:00-04:00,277.79931149757147
2022-08-23 00:00:00-04:00,272.2449035644531
2022-08-24 00:00:00-04:00,271.23052871379593
2022-08-25 00:00:00-04:00,273.12142488445113
2022-08-26 00:00:00-04:00,274.84481848654406
2022-08-29 00:00:00-04:00,261.8156646586273
2022-08-30 00:00:00-04:00,262.6232028290248
2022-08-31 00:00:00-04:00,261.3626316139571
2022-09-01 00:00:00-04:00,254.94155322267704
2022-09-02 00:00:00-04:00,257.7286353138276
2022-09-06 00:00:00-04:00,252.31208986095046
2022-09-07 00:00:00-04:00,250.8348307193336
2022-09-08 00:00:00-04:00,253.60219511442395
2022-09-09 00:00:00-04:00,256.5468191430129
2022-09-12 00:00:00-04:00,261.74669247652247
2022-09-13 00:00:00-04:00,254.91200970886027
2022-09-14 00:00:00-04:00,249.68258918445773
2022-09-15 00:00:00-04:00,245.97966018530423
2022-09-16 00:00:00-04:00,240.5532743039192
2022-09-19 00:00:00-04:00,238.79044777697928
2022-09-20 00:00:00-04:00,238.39651354066996
2022-09-21 00:00:00-04:00,240.56312701096115
2022-09-22 00:00:00-04:00,234.2602385106582
2022-09-23 00:00:00-04:00,235.90488988292827
2022-09-26 00:00:00-04:00,233.452664322722
2022-09-27 00:00:00-04:00,236.3382191984445
2022-09-28 00:00:00-04:00,233.21633455276174
2022-09-29 00:00:00-04:00,235.26476445275017
2022-09-30 00:00:00-04:00,234.67386603733553
2022-10-03 00:00:00-04:00,231.83756813614562
2022-10-04 00:00:00-04:00,241.37070087214653
2022-10-05 00:00:00-04:00,242.25701060973157
2022-10-06 00:00:00-04:00,244.16757563243596
2022-10-07 00:00:00-04:00,237.24423835954684
2022-10-10 00:00:00-04:00,229.51339390573693
2022-10-11 00:00:00-04:00,224.16580363631866
2022-10-12 00:00:00-04:00,221.97947832247075
2022-10-13 00:00:00-04:00,216.51369270595683
2022-10-14 00:00:00-04:00,231.96559414609732
2022-10-17 00:00:00-04:00,232.24135803057564
2022-10-18 00:00:00-04:00,239.54873490352594
2022-10-19 00:00:00-04:00,233.44281100399664
2022-10-20 00:00:00-04:00,232.19212205006386
2022-10-21 00:00:00-04:00,231.17774403856433
2022-10-24 00:00:00-04:00,240.0608508548105
2022-10-25 00:00:00-04:00,243.50772744926144
2022-10-26 00:00:00-04:00,227.6619138917274
2022-10-27 00:00:00-04:00,227.53388163567516
2022-10-28 00:00:00-04:00,222.80673709576283
2022-10-31 00:00:00-04:00,230.2125995052976
2022-11-01 00:00:00-04:00,231.03988937080138
2022-11-02 00:00:00-04:00,225.97786191679208
2022-11-03 00:00:00-04:00,216.75006027028067
2022-11-04 00:00:00-04:00,214.24861132241347
2022-11-07 00:00:00-05:00,218.62122860396678
2022-11-08 00:00:00-05:00,225.2293864283005
2022-11-09 00:00:00-05:00,223.91958072869102
2022-11-10 00:00:00-05:00,231.85725004372438
2022-11-11 00:00:00-05:00,239.30254318643637
2022-11-14 00:00:00-05:00,238.3177093818449
2022-11-15 00:00:00-05:00,241.93204022762936
2022-11-16 00:00:00-05:00,239.7794281863015
2022-11-17 00:00:00-05:00,234.8315324391553
2022-11-18 00:00:00-05:00,240.49047928725366
2022-11-21 00:00:00-05:00,238.43627695427844
2022-11-22 00:00:00-05:00,240.56947653641308
2022-11-23 00:00:00-05:00,242.0706516670434
2022-11-25 00:00:00-05:00,244.24335148468583
2022-11-28 00:00:00-05:00,243.0286313846375
2022-11-29 00:00:00-05:00,238.40665406243767
2022-11-30 00:00:00-05:00,237.58694789462686
2022-12-01 00:00:00-05:00,250.72202107328104
2022-12-02 00:00:00-05:00,246.72224055477105
2022-12-05 00:00:00-05:00,248.88508789293672
2022-12-06 00:00:00-05:00,247.70983738474627
2022-12-07 00:00:00-05:00,241.79411587443457
2022-12-08 00:00:00-05:00,241.80399117138168
2022-12-09 00:00:00-05:00,241.66572730119196
2022-12-12 00:00:00-05:00,244.38160708718394
2022-12-13 00:00:00-05:00,258.4450483383513
2022-12-14 00:00:00-05:00,253.9416066723985
2022-12-15 00:00:00-05:00,250.57388992835845
2022-12-16 00:00:00-05:00,245.46798998249005
2022-12-19 00:00:00-05:00,241.82376495148682
2022-12-20 00:00:00-05:00,236.43144759898547
2022-12-21 00:00:00-05:00,238.69303364086764
2022-12-22 00:00:00-05:00,238.26837440790453
2022-12-23 00:00:00-05:00,233.18223768332228
2022-12-27 00:00:00-05:00,235.7401430611666
2022-12-28 00:00:00-05:00,233.9525627683936
2022-12-29 00:00:00-05:00,232.72794746530724
2022-12-30 00:00:00-05:00,235.2562157499528
2023-01-03 00:00:00-05:00,240.0658380779396
2023-01-04 00:00:00-05:00,229.39973136135077
2023-01-05 00:00:00-05:00,224.3827235232674
2023-01-06 00:00:00-05:00,220.23479317430852
2023-01-09 00:00:00-05:00,223.6420359485344
2023-01-10 00:00:00-05:00,224.93577260381568
2023-01-11 00:00:00-05:00,228.4219920584377
2023-01-12 00:00:00-05:00,232.3428050173593
2023-01-13 00:00:00-05:00,234.0612210845687
2023-01-17 00:00:00-05:00,235.01919688234253
2023-01-18 00:00:00-05:00,238.57455714085364
2023-01-19 00:00:00-05:00,230.88114330694043
2023-01-20 00:00:00-05:00,231.94773539738281
2023-01-23 00:00:00-05:00,238.11037763262127
2023-01-24 00:00:00-05:00,239.49301420541354
2023-01-25 00:00:00-05:00,231.57245643194923
2023-01-26 00:00:00-05:00,240.6287535685922
2023-01-27 00:00:00-05:00,245.90254984223006
2023-01-30 00:00:00-05:00,241.47807692664148
2023-01-31 00:00:00-05:00,240.43123051335235
2023-02-01 00:00:00-05:00,244.92480565343718
2023-02-02 00:00:00-05:00,255.61064285133278
2023-02-03 00:00:00-05:00,256.32171554156935
2023-02-06 00:00:00-05:00,254.2477342823986
2023-02-07 00:00:00-05:00,257.29939215776153
2023-02-08 00:00:00-05:00,269.8123505477993
2023-02-09 00:00:00-05:00,270.40489710470183
2023-02-10 00:00:00-05:00,258.28701576445695
2023-02-13 00:00:00-05:00,264.3212969384022
2023-02-14 00:00:00-05:00,269.2889355535945
2023-02-15 00:00:00-05:00,265.65656333407964
2023-02-16 00:00:00-05:00,261.39922334162253
2023-02-17 00:00:00-05:00,256.8151973341434
2023-02-21 00:00:00-05:00,251.95395729451351
2023-02-22 00:00:00-05:00,251.56781966131066
2023-02-23 00:00:00-05:00,253.02324046804392
2023-02-24 00:00:00-05:00,247.4788147204093
2023-02-27 00:00:00-05:00,249.95400657988347
2023-02-28 00:00:00-05:00,246.59768185230124
2023-03-01 00:00:00-05:00,248.27087596320592
2023-03-02 00:00:00-05:00,244.1026825641087
2023-03-03 00:00:00-05:00,249.68668578309524
2023-03-06 00:00:00-05:00,253.884570878927
2023-03-07 00:00:00-05:00,253.75586483253576
2023-03-08 00:00:00-05:00,251.5182925432916
2023-03-09 00:00:00-05:00,253.2806570635269
2023-03-10 00:00:00-05:00,248.58771025442266
2023-03-13 00:00:00-04:00,244.94422102746705
2023-03-14 00:00:00-04:00,254.2014183201653
2023-03-15 00:00:00-04:00,257.3993816246866
2023-03-16 00:00:00-04:00,262.57741397254915
2023-03-17 00:00:00-04:00,275.4979416246343
2023-03-20 00:00:00-04:00,274.23062101469714
2023-03-21 00:00:00-04:00,272.1514650488546
2023-03-22 00:00:00-04:00,270.6861560755759
2023-03-23 00:00:00-04:00,275.18108905880206
2023-03-24 00:00:00-04:00,274.4880411025005
2023-03-27 00:00:00-04:00,277.71566485432436
2023-03-28 00:00:00-04:00,273.05242467536596
2023-03-29 00:00:00-04:00,276.19095355889016
2023-03-30 00:00:00-04:00,281.4086439346724
2023-03-31 00:00:00-04:00,280.91358859294087
2023-04-03 00:00:00-04:00,283.6759016607504
2023-04-04 00:00:00-04:00,284.378867514789
2023-04-05 00:00:00-04:00,283.0125685385499
2023-04-06 00:00:00-04:00,280.39874264362254
2023-04-10 00:00:00-04:00,286.33921981714894
2023-04-11 00:00:00-04:00,282.91351954239707
2023-04-12 00:00:00-04:00,281.9631088637887
2023-04-13 00:00:00-04:00,280.7749911628579
2023-04-14 00:00:00-04:00,284.1511620441294
2023-04-17 00:00:00-04:00,287.0520767525587
2023-04-18 00:00:00-04:00,288.6757547983198
2023-04-19 00:00:00-04:00,283.15118875533636
2023-04-20 00:00:00-04:00,282.41850965712706
2023-04-21 00:00:00-04:00,282.1809066607589
2023-04-24 00:00:00-04:00,279.2898532588498
2023-04-25 00:00:00-04:00,276.73546279686036
2023-04-26 00:00:00-04:00,293.75489484678207
2023-04-27 00:00:00-04:00,293.0321297564437
2023-04-28 00:00:00-04:00,300.99234318371515
2023-05-01 00:00:00-04:00,303.9228933843367
2023-05-02 00:00:00-04:00,304.7050664975715
2023-05-03 00:00:00-04:00,303.5763827164488
2023-05-04 00:00:00-04:00,303.2001352600795
2023-05-05 00:00:00-04:00,302.68531985130477
2023-05-08 00:00:00-04:00,307.05156263487567
2023-05-09 00:00:00-04:00,304.9426798370063
2023-05-10 00:00:00-04:00,305.5564955515356
2023-05-11 00:00:00-04:00,307.02185809028776
2023-05-12 00:00:00-04:00,307.4674100168769
2023-05-15 00:00:00-04:00,306.03180206448206
2023-05-16 00:00:00-04:00,306.7545547654115
2023-05-17 00:00:00-04:00,309.8660255731054
2023-05-18 00:00:00-04:00,312.0886481310372
2023-05-19 00:00:00-04:00,314.2814621769926
2023-05-22 00:00:00-04:00,316.12708112892886
2023-05-23 00:00:00-04:00,317.54595304435054
2023-05-24 00:00:00-04:00,312.28708421820767
2023-05-25 00:00:00-04:00,320.7310376355467
2023-05-26 00:00:00-04:00,321.50494534446716
2023-05-30 00:00:00-04:00,332.627976546594
2023-05-31 00:00:00-04:00,329.7107867525427
2023-06-01 00:00:00-04:00,323.40012791638736
2023-06-02 00:00:00-04:00,331.6555935882877
2023-06-05 00:00:00-04:00,332.618076329128
2023-06-06 00:00:00-04:00,332.7272137875279
2023-06-07 00:00:00-04:00,329.07576286168086
2023-06-08 00:00:00-04:00,321.4255900945784
2023-06-09 00:00:00-04:00,322.46743235558796
2023-06-12 00:00:00-04:00,326.029562661029
2023-06-13 00:00:00-04:00,331.8738470385343
2023-06-14 00:00:00-04:00,331.7448436676037
2023-06-15 00:00:00-04:00,334.8604784555892
2023-06-16 00:00:00-04:00,348.5930612512927
2023-06-20 00:00:00-04:00,336.6762855232039
2023-06-21 00:00:00-04:00,333.7591032057596
2023-06-22 00:00:00-04:00,331.5265740591228
2023-06-23 00:00:00-04:00,331.7647358814371
2023-06-26 00:00:00-04:00,331.1296925908483
2023-06-27 00:00:00-04:00,329.28412691496777
2023-06-28 00:00:00-04:00,332.0623983289598
2023-06-29 00:00:00-04:00,332.11201400941115
2023-06-30 00:00:00-04:00,335.1284063540797
2023-07-03 00:00:00-04:00,336.55721384041334
2023-07-05 00:00:00-04:00,332.48902274319664
2023-07-06 00:00:00-04:00,334.6818770230695
2023-07-07 00:00:00-04:00,336.68618374932134
2023-07-10 00:00:00-04:00,332.002852229901
2023-07-11 00:00:00-04:00,328.4903449337991
2023-07-12 00:00:00-04:00,333.9873537148761
2023-07-13 00:00:00-04:00,336.9243308206587
2023-07-14 00:00:00-04:00,344.89200708441774
2023-07-17 00:00:00-04:00,342.9968481996452
2023-07-18 00:00:00-04:00,343.14567063393406
2023-07-19 00:00:00-04:00,358.942124353721
2023-07-20 00:00:00-04:00,350.82565055068665
2023-07-21 00:00:00-04:00,346.43989945805436
2023-07-24 00:00:00-04:00,343.1655206121881
2023-07-25 00:00:00-04:00,344.4157202621445
2023-07-26 00:00:00-04:00,338.78975072041686
2023-07-27 00:00:00-04:00,337.8372695529381
2023-07-28 00:00:00-04:00,331.08009054235373
2023-07-31 00:00:00-04:00,334.30486012921585
2023-08-01 00:00:00-04:00,332.58827190681035
2023-08-02 00:00:00-04:00,331.0404016843165
2023-08-03 00:00:00-04:00,323.4696309181759
2023-08-04 00:00:00-04:00,329.30392987024766
2023-08-07 00:00:00-04:00,325.82121440038225
2023-08-08 00:00:00-04:00,324.4221663947602
2023-08-09 00:00:00-04:00,323.9359615318431
2023-08-10 00:00:00-04:00,323.4894741964297
2023-08-11 00:00:00-04:00,317.77416253876555
2023-08-14 00:00:00-04:00,318.8953861406754
2023-08-15 00:00:00-04:00,320.49289076743185
2023-08-16 00:00:00-04:00,318.9838805811655
2023-08-17 00:00:00-04:00,318.7254046799635
2023-08-18 00:00:00-04:00,312.70962997049367
2023-08-21 00:00:00-04:00,316.13011947593117
2023-08-22 00:00:00-04:00,323.65728950976444
2023-08-23 00:00:00-04:00,321.9868134530176
2023-08-24 00:00:00-04:00,330.9656889680839
2023-08-25 00:00:00-04:00,319.65011939877434
2023-08-28 00:00:00-04:00,323.8163882937044
2023-08-29 00:00:00-04:00,320.0577805613344
2023-08-30 00:00:00-04:00,326.80933410612903
2023-08-31 00:00:00-04:00,327.336391518264
2023-09-01 00:00:00-04:00,329.4343998254007
2023-09-05 00:00:00-04:00,327.13745289697874
2023-09-06 00:00:00-04:00,331.49271389342675
2023-09-07 00:00:00-04:00,329.4145203249188
2023-09-08 00:00:00-04:00,328.22129555095245
2023-09-11 00:00:00-04:00,335.3308061729605
2023-09-12 00:00:00-04:00,333.9188751603195
2023-09-13 00:00:00-04:00,329.43442191477396
2023-09-14 00:00:00-04:00,337.2300270651787
2023-09-15 00:00:00-04:00,335.01266856676136
2023-09-18 00:00:00-04:00,325.9442668780258
2023-09-19 00:00:00-04:00,324.3235182842558
2023-09-20 00:00:00-04:00,327.6445821260139
2023-09-21 00:00:00-04:00,317.4526087893206
2023-09-22 00:00:00-04:00,319.5009604831682
2023-09-25 00:00:00-04:00,314.7977365490338
2023-09-26 00:00:00-04:00,313.3460188895013
2023-09-27 00:00:00-04:00,310.53197945230215
2023-09-28 00:00:00-04:00,309.22941877885506
2023-09-29 00:00:00-04:00,315.95114089832924
2023-10-02 00:00:00-04:00,314.4895012472444
2023-10-03 00:00:00-04:00,319.01372857216177
2023-10-04 00:00:00-04:00,312.25224389299933
2023-10-05 00:00:00-04:00,317.2835719121836
2023-10-06 00:00:00-04:00,314.75795747616866
2023-10-09 00:00:00-04:00,322.9115450349395
2023-10-10 00:00:00-04:00,329.0864033263431
2023-10-11 00:00:00-04:00,329.3349750681917
2023-10-12 00:00:00-04:00,328.6985915393673
2023-10-13 00:00:00-04:00,330.4983336358068
2023-10-16 00:00:00-04:00,329.17584109091655
2023-10-17 00:00:00-04:00,327.7241574615855
2023-10-18 00:00:00-04:00,330.6077117179908
2023-10-19 00:00:00-04:00,330.26962378336657
2023-10-20 00:00:00-04:00,329.8421086501994
2023-10-23 00:00:00-04:00,323.6274475443902
2023-10-24 00:00:00-04:00,329.42444345434967
2023-10-25 00:00:00-04:00,343.0667742206415
2023-10-26 00:00:00-04:00,338.6121634531295
2023-10-27 00:00:00-04:00,328.55938685804716
2023-10-30 00:00:00-04:00,331.52250585752313
2023-10-31 00:00:00-04:00,336.9317237137937
2023-11-01 00:00:00-04:00,337.86642328392696
2023-11-02 00:00:00-04:00,345.2742110672306
2023-11-03 00:00:00-04:00,347.6506972115027
2023-11-06 00:00:00-05:00,351.4491071602991
2023-11-07 00:00:00-05:00,357.36540582438533
2023-11-08 00:00:00-05:00,359.63247587502065
2023-11-09 00:00:00-05:00,360.2489422231975
2023-11-10 00:00:00-05:00,359.4435553324175
2023-11-13 00:00:00-05:00,366.1354467955765
2023-11-14 00:00:00-05:00,368.9096289160317
2023-11-15 00:00:00-05:00,369.927423387365
2023-11-16 00:00:00-05:00,369.6086098764684
2023-11-17 00:00:00-05:00,372.2489368000008
2023-11-20 00:00:00-05:00,369.8676604556097
2023-11-21 00:00:00-05:00,374.30144121976065
2023-11-22 00:00:00-05:00,376.62295821575435
2023-11-24 00:00:00-05:00,375.9553509004722
2023-11-27 00:00:00-05:00,375.40739294148256
2023-11-28 00:00:00-05:00,376.9716880104573
2023-11-29 00:00:00-05:00,382.3619650621747
2023-11-30 00:00:00-05:00,377.1111492517042
2023-12-01 00:00:00-05:00,375.3874635939189
2023-12-04 00:00:00-05:00,367.7553947723997
2023-12-05 00:00:00-05:00,365.1150388834657
2023-12-06 00:00:00-05:00,372.1792042977991
2023-12-07 00:00:00-05:00,366.8885406185708
2023-12-08 00:00:00-05:00,367.8550246152953
2023-12-11 00:00:00-05:00,367.1376231450513
2023-12-12 00:00:00-05:00,369.49900475535793
2023-12-13 00:00:00-05:00,374.6501475165293
2023-12-14 00:00:00-05:00,371.95004363783136
2023-12-15 00:00:00-05:00,365.5135853947542
2023-12-18 00:00:00-05:00,368.10409536790144
2023-12-19 00:00:00-05:00,370.13666661831326
2023-12-20 00:00:00-05:00,373.63388506840477
2023-12-21 00:00:00-05:00,371.2027888580256
2023-12-22 00:00:00-05:00,372.31867784435855
2023-12-26 00:00:00-05:00,373.63389324582124
2023-12-27 00:00:00-05:00,372.3286548604165
2023-12-28 00:00:00-05:00,374.00251027524166
2023-12-29 00:00:00-05:00,374.630211671261
2024-01-02 00:00:00-05:00,372.49801864009765
2024-01-03 00:00:00-05:00,367.66570447390245
2024-01-04 00:00:00-05:00,369.3196442790212
2024-01-05 00:00:00-05:00,367.6258656674228
2024-01-08 00:00:00-05:00,367.9546333036372
2024-01-09 00:00:00-05:00,370.6547921135484
2024-01-10 00:00:00-05:00,374.99887074193686
2024-01-11 00:00:00-05:00,384.59379448149394
2024-01-12 00:00:00-05:00,384.085654728996
2024-01-16 00:00:00-05:00,392.2259009146194
2024-01-17 00:00:00-05:00,386.56658531663214
2024-01-18 00:00:00-05:00,390.2929581989216
2024-01-19 00:00:00-05:00,394.3182791958077
2024-01-22 00:00:00-05:00,398.56271361122066
2024-01-23 00:00:00-05:00,394.3082893401539
2024-01-24 00:00:00-05:00,400.07720213833596
2024-01-25 00:00:00-05:00,402.8470963425051
2024-01-26 00:00:00-05:00,402.8968956284636
2024-01-29 00:00:00-05:00,404.58071624855523
2024-01-30 00:00:00-05:00,410.7581450200405
2024-01-31 00:00:00-05:00,405.47745630268037
2024-02-01 00:00:00-05:00,400.36614308873123
2024-02-02 00:00:00-05:00,402.3389448297851
2024-02-05 00:00:00-05:00,408.40675877778557
2024-02-06 00:00:00-05:00,404.40138068710013
2024-02-07 00:00:00-05:00,405.9556904154185
2024-02-08 00:00:00-05:00,412.54160040751873
2024-02-09 00:00:00-05:00,413.7372340115969
2024-02-12 00:00:00-05:00,419.0279029061163
2024-02-13 00:00:00-05:00,403.4648051926135
2024-02-14 00:00:00-05:00,407.3352897899812
2024-02-15 00:00:00-05:00,407.40517526345513
2024-02-16 00:00:00-05:00,407.2254609854372
2024-02-20 00:00:00-05:00,402.51396031989606
2024-02-21 00:00:00-05:00,399.4495112817143
2024-02-22 00:00:00-05:00,409.45145075243494
2024-02-23 00:00:00-05:00,414.9216169054419
2024-02-26 00:00:00-05:00,410.7191689845332
2024-02-27 00:00:00-05:00,407.2553989143576
2024-02-28 00:00:00-05:00,407.4450641188284
2024-02-29 00:00:00-05:00,407.90426607674624
2024-03-01 00:00:00-05:00,410.52949723992697
2024-03-04 00:00:00-05:00,412.69562732176615
2024-03-05 00:00:00-05:00,413.2146520985426
2024-03-06 00:00:00-05:00,402.2444482540863
2024-03-07 00:00:00-05:00,405.38879918961857
2024-03-08 00:00:00-05:00,407.22547438886056
2024-03-11 00:00:00-04:00,403.0330455779823
2024-03-12 00:00:00-04:00,406.8860757637264
2024-03-13 00:00:00-04:00,417.34722920248595
2024-03-14 00:00:00-04:00,419.4833620962516
2024-03-15 00:00:00-04:00,418.5350853170581
2024-03-18 00:00:00-04:00,413.50415417343885
2024-03-19 00:00:00-04:00,417.0777041899726
2024-03-20 00:00:00-04:00,421.24019062236323
2024-03-21 00:00:00-04:00,429.0560870786449
2024-03-22 00:00:00-04:00,428.9263415582329
2024-03-25 00:00:00-04:00,424.47435253515715
2024-03-26 00:00:00-04:00,424.8436695491897
2024-03-27 00:00:00-04:00,423.6757938251776
2024-03-28 00:00:00-04:00,420.2020520278936
2024-04-01 00:00:00-04:00,423.1866936886994
2024-04-02 00:00:00-04:00,419.35359094171736
2024-04-03 00:00:00-04:00,418.9742883034954
2024-04-04 00:00:00-04:00,424.22480854865796
2024-04-05 00:00:00-04:00,419.2537866204478
2024-04-08 00:00:00-04:00,424.4045037871678
2024-04-09 00:00:00-04:00,425.67219726498683
2024-04-10 00:00:00-04:00,421.42984404208823
2024-04-11 00:00:00-04:00,425.05332900537667
2024-04-12 00:00:00-04:00,423.2865037830765
2024-04-15 00:00:00-04:00,425.83192090891185
2024-04-16 00:00:00-04:00,413.82359584797024
2024-04-17 00:00:00-04:00,416.4987431987719
2024-04-18 00:00:00-04:00,409.8906791285515
2024-04-19 00:00:00-04:00,403.3025611287424
2024-04-22 00:00:00-04:00,399.3596471827562
2024-04-23 00:00:00-04:00,403.51216021293357
2024-04-24 00:00:00-04:00,408.82258607970806
2024-04-25 00:00:00-04:00,393.32054400787314
2024-04-26 00:00:00-04:00,411.4279132786848
2024-04-29 00:00:00-04:00,404.52035539531056
2024-04-30 00:00:00-04:00,400.76710737423014
2024-05-01 00:00:00-04:00,391.9030904630616
2024-05-02 00:00:00-04:00,396.94401914412265
2024-05-03 00:00:00-04:00,401.55570709720826
2024-05-06 00:00:00-04:00,408.024048156178
2024-05-07 00:00:00-04:00,413.91342570011614
2024-05-08 00:00:00-04:00,407.4351142805277
2024-05-09 00:00:00-04:00,409.8307875446534
2024-05-10 00:00:00-04:00,412.1965086797442
2024-05-13 00:00:00-04:00,417.2573820335048
2024-05-14 00:00:00-04:00,411.2781631216723
2024-05-15 00:00:00-04:00,417.8999938964844
2024-05-16 00:00:00-04:00,421.79998779296875
2024-05-17 00:00:00-04:00,422.5400085449219
2024-05-20 00:00:00-04:00,420.2099914550781
2024-05-21 00:00:00-04:00,426.8299865722656
2024-05-22 00:00:00-04:00,430.0899963378906
2024-05-23 00:00:00-04:00,432.9700012207031
2024-05-24 00:00:00-04:00,427.19000244140625
2024-05-28 00:00:00-04:00,429.6300048828125
2024-05-29 00:00:00-04:00,425.69000244140625
2024-05-30 00:00:00-04:00,424.29998779296875
2024-05-31 00:00:00-04:00,416.75
2024-06-03 00:00:00-04:00,415.5299987792969
2024-06-04 00:00:00-04:00,412.42999267578125
2024-06-05 00:00:00-04:00,417.80999755859375
2024-06-06 00:00:00-04:00,424.010009765625
2024-06-07 00:00:00-04:00,426.20001220703125
2024-06-10 00:00:00-04:00,424.70001220703125
2024-06-11 00:00:00-04:00,425.4800109863281
2024-06-12 00:00:00-04:00,435.32000732421875
2024-06-13 00:00:00-04:00,440.8500061035156
2024-06-14 00:00:00-04:00,438.2799987792969
2024-06-17 00:00:00-04:00,442.5899963378906
2024-06-18 00:00:00-04:00,449.7099914550781
2024-06-20 00:00:00-04:00,446.29998779296875
2024-06-21 00:00:00-04:00,447.3800048828125
2024-06-24 00:00:00-04:00,449.79998779296875
2024-06-25 00:00:00-04:00,448.25
